<?xml version="1.0" encoding="UTF-8" ?>
<!--
    Copyright 2021 Don HO <don.h@free.fr>
	
    This file is part of GUP for Notepad++

    GUP for Notepad++ is free software: you can redistribute it and/or modify
    it under the terms of the GNU Lesser General Public License as published by
    the Free Software Foundation, either version 3 of the License, or
    (at your option) any later version.

    GUP for Notepad++ is distributed in the hope that it will be useful,
    but WITHOUT ANY WARRANTY; without even the implied warranty of
    MERCHANTABILITY or FITNESS FOR A PARTICULAR PURPOSE.  See the
    GNU Lesser General Public License for more details.

    You should have received a copy of the GNU Lesser General Public License
    along with GUP.  If not, see <http://www.gnu.org/licenses/>.
-->

<!-- This file is optional.-->

<GUP_NativeLangue name="français" version="5.1.3">
	<PopupMessages>
		<MSGID_UPDATEAVAILABLE content="Une mise à jour est disponible, voulez-vous le télécharger?"/>
		
		<MSGID_DOWNLOADPAGE content="Aller à la page de téléchargement" />
		<MSGID_MOREINFO content="plus d'info" />
		<!-- $MSGID_DOWNLOADPAGE$ and $MSGID_MOREINFO$ are place holders, don't translate them -->
		<MSGID_GOTODOWNLOADPAGETEXT content="La mise à jour n'est pas disponible&#xD;ou elle n'est pas encore déclenchée&#xD;($MSGID_MOREINFO$).&#xD;&#xD;$MSGID_DOWNLOADPAGE$ pour mettre à jour Notepad++ manuellement." />
		
		<MSGID_DOWNLOADSTOPPED content="Le téléchargement est interrompu. La mise à jour ne sera pas poursuivie."/>
		<MSGID_CLOSEAPP content=" est ouvert.&#xD;Il sera fermé afin de pouvoir poursuivre l'installation.&#xD;Continue?"/>
		<MSGID_ABORTORNOT content="Etes-vous sûr d'interrompre le téléchargement?"/>
		<MSGID_UNZIPFAILED content="Impossible de dézipper: l'opération n'est pas permise ou la décompression a échoué."/>
	</PopupMessages>
</GUP_NativeLangue>
